30064771080,73014444032,IS_CALL_FOR_IMPORT
30064771081,73014444033,IS_CALL_FOR_IMPORT
30064771082,73014444034,IS_CALL_FOR_IMPORT
30064771083,73014444035,IS_CALL_FOR_IMPORT
30064771108,73014444036,IS_CALL_FOR_IMPORT
30064771109,73014444037,IS_CALL_FOR_IMPORT
30064771110,73014444038,IS_CALL_FOR_IMPORT
30064771111,73014444039,IS_CALL_FOR_IMPORT
30064771112,73014444040,IS_CALL_FOR_IMPORT
30064771113,73014444041,IS_CALL_FOR_IMPORT
30064771114,73014444042,IS_CALL_FOR_IMPORT
30064771115,73014444043,IS_CALL_FOR_IMPORT
30064771116,73014444044,IS_CALL_FOR_IMPORT
30064771117,73014444045,IS_CALL_FOR_IMPORT
30064771118,73014444046,IS_CALL_FOR_IMPORT
30064771119,73014444047,IS_CALL_FOR_IMPORT
30064771120,73014444048,IS_CALL_FOR_IMPORT
30064771121,73014444049,IS_CALL_FOR_IMPORT
30064771122,73014444050,IS_CALL_FOR_IMPORT
30064771195,73014444051,IS_CALL_FOR_IMPORT
30064771196,73014444052,IS_CALL_FOR_IMPORT
30064771221,73014444053,IS_CALL_FOR_IMPORT
30064771222,73014444054,IS_CALL_FOR_IMPORT
30064771223,73014444055,IS_CALL_FOR_IMPORT
30064771224,73014444056,IS_CALL_FOR_IMPORT
30064771225,73014444057,IS_CALL_FOR_IMPORT
30064771226,73014444058,IS_CALL_FOR_IMPORT
30064771227,73014444059,IS_CALL_FOR_IMPORT
30064771228,73014444060,IS_CALL_FOR_IMPORT
30064771229,73014444061,IS_CALL_FOR_IMPORT
30064771230,73014444062,IS_CALL_FOR_IMPORT
30064771231,73014444063,IS_CALL_FOR_IMPORT
30064771232,73014444064,IS_CALL_FOR_IMPORT
30064771233,73014444065,IS_CALL_FOR_IMPORT
30064771363,73014444066,IS_CALL_FOR_IMPORT
30064771364,73014444067,IS_CALL_FOR_IMPORT
30064771365,73014444068,IS_CALL_FOR_IMPORT
30064771366,73014444069,IS_CALL_FOR_IMPORT
30064771367,73014444070,IS_CALL_FOR_IMPORT
30064771368,73014444071,IS_CALL_FOR_IMPORT
30064771369,73014444072,IS_CALL_FOR_IMPORT
30064771370,73014444073,IS_CALL_FOR_IMPORT
30064771371,73014444074,IS_CALL_FOR_IMPORT
30064771372,73014444075,IS_CALL_FOR_IMPORT
30064771429,73014444076,IS_CALL_FOR_IMPORT
30064771430,73014444077,IS_CALL_FOR_IMPORT
30064771431,73014444078,IS_CALL_FOR_IMPORT
30064771432,73014444079,IS_CALL_FOR_IMPORT
30064771433,73014444080,IS_CALL_FOR_IMPORT
30064771434,73014444081,IS_CALL_FOR_IMPORT
30064771435,73014444082,IS_CALL_FOR_IMPORT
30064771436,73014444083,IS_CALL_FOR_IMPORT
30064771437,73014444084,IS_CALL_FOR_IMPORT
30064771438,73014444085,IS_CALL_FOR_IMPORT
30064771439,73014444086,IS_CALL_FOR_IMPORT
30064771440,73014444087,IS_CALL_FOR_IMPORT
30064771441,73014444088,IS_CALL_FOR_IMPORT
30064771564,73014444089,IS_CALL_FOR_IMPORT
30064771565,73014444090,IS_CALL_FOR_IMPORT
30064771566,73014444091,IS_CALL_FOR_IMPORT
30064771567,73014444092,IS_CALL_FOR_IMPORT
30064771568,73014444093,IS_CALL_FOR_IMPORT
30064771569,73014444094,IS_CALL_FOR_IMPORT
30064771570,73014444095,IS_CALL_FOR_IMPORT
30064771615,73014444096,IS_CALL_FOR_IMPORT
30064771616,73014444097,IS_CALL_FOR_IMPORT
30064771617,73014444098,IS_CALL_FOR_IMPORT
30064771618,73014444099,IS_CALL_FOR_IMPORT
30064771619,73014444100,IS_CALL_FOR_IMPORT
30064771620,73014444101,IS_CALL_FOR_IMPORT
30064771621,73014444102,IS_CALL_FOR_IMPORT
30064771622,73014444103,IS_CALL_FOR_IMPORT
30064771623,73014444104,IS_CALL_FOR_IMPORT
30064771624,73014444105,IS_CALL_FOR_IMPORT
30064771625,73014444106,IS_CALL_FOR_IMPORT
30064771626,73014444107,IS_CALL_FOR_IMPORT
30064771627,73014444108,IS_CALL_FOR_IMPORT
30064771628,73014444109,IS_CALL_FOR_IMPORT
30064771765,73014444110,IS_CALL_FOR_IMPORT
30064771766,73014444111,IS_CALL_FOR_IMPORT
30064771767,73014444112,IS_CALL_FOR_IMPORT
30064771768,73014444113,IS_CALL_FOR_IMPORT
30064771769,73014444114,IS_CALL_FOR_IMPORT
30064771770,73014444115,IS_CALL_FOR_IMPORT
30064771771,73014444116,IS_CALL_FOR_IMPORT
30064771772,73014444117,IS_CALL_FOR_IMPORT
30064771773,73014444118,IS_CALL_FOR_IMPORT
30064771826,73014444119,IS_CALL_FOR_IMPORT
30064771827,73014444120,IS_CALL_FOR_IMPORT
30064771828,73014444121,IS_CALL_FOR_IMPORT
30064771829,73014444122,IS_CALL_FOR_IMPORT
30064771830,73014444123,IS_CALL_FOR_IMPORT
30064771831,73014444124,IS_CALL_FOR_IMPORT
30064771832,73014444125,IS_CALL_FOR_IMPORT
30064771833,73014444126,IS_CALL_FOR_IMPORT
30064771834,73014444127,IS_CALL_FOR_IMPORT
30064771835,73014444128,IS_CALL_FOR_IMPORT
30064771836,73014444129,IS_CALL_FOR_IMPORT
30064771837,73014444130,IS_CALL_FOR_IMPORT
30064771838,73014444131,IS_CALL_FOR_IMPORT
30064772007,73014444132,IS_CALL_FOR_IMPORT
30064772008,73014444133,IS_CALL_FOR_IMPORT
30064772009,73014444134,IS_CALL_FOR_IMPORT
30064772010,73014444135,IS_CALL_FOR_IMPORT
30064772011,73014444136,IS_CALL_FOR_IMPORT
30064772012,73014444137,IS_CALL_FOR_IMPORT
30064772013,73014444138,IS_CALL_FOR_IMPORT
30064772014,73014444139,IS_CALL_FOR_IMPORT
30064772063,73014444140,IS_CALL_FOR_IMPORT
30064772064,73014444141,IS_CALL_FOR_IMPORT
30064772065,73014444142,IS_CALL_FOR_IMPORT
30064772066,73014444143,IS_CALL_FOR_IMPORT
30064772067,73014444144,IS_CALL_FOR_IMPORT
30064772068,73014444145,IS_CALL_FOR_IMPORT
30064772069,73014444146,IS_CALL_FOR_IMPORT
30064772070,73014444147,IS_CALL_FOR_IMPORT
30064772071,73014444148,IS_CALL_FOR_IMPORT
30064772072,73014444149,IS_CALL_FOR_IMPORT
30064772073,73014444150,IS_CALL_FOR_IMPORT
30064772074,73014444151,IS_CALL_FOR_IMPORT
30064772075,73014444152,IS_CALL_FOR_IMPORT
30064772190,73014444153,IS_CALL_FOR_IMPORT
30064772191,73014444154,IS_CALL_FOR_IMPORT
30064772192,73014444155,IS_CALL_FOR_IMPORT
30064772193,73014444156,IS_CALL_FOR_IMPORT
30064772194,73014444157,IS_CALL_FOR_IMPORT
30064772195,73014444158,IS_CALL_FOR_IMPORT
30064772196,73014444159,IS_CALL_FOR_IMPORT
30064772197,73014444160,IS_CALL_FOR_IMPORT
30064772198,73014444161,IS_CALL_FOR_IMPORT
30064772199,73014444162,IS_CALL_FOR_IMPORT
30064772200,73014444163,IS_CALL_FOR_IMPORT
30064772201,73014444164,IS_CALL_FOR_IMPORT
30064772202,73014444165,IS_CALL_FOR_IMPORT
30064772203,73014444166,IS_CALL_FOR_IMPORT
30064772204,73014444167,IS_CALL_FOR_IMPORT
30064772205,73014444168,IS_CALL_FOR_IMPORT
30064772206,73014444169,IS_CALL_FOR_IMPORT
30064772291,73014444170,IS_CALL_FOR_IMPORT
30064772292,73014444171,IS_CALL_FOR_IMPORT
30064772293,73014444172,IS_CALL_FOR_IMPORT
30064772294,73014444173,IS_CALL_FOR_IMPORT
30064772295,73014444174,IS_CALL_FOR_IMPORT
30064772296,73014444175,IS_CALL_FOR_IMPORT
30064772297,73014444176,IS_CALL_FOR_IMPORT
30064772298,73014444177,IS_CALL_FOR_IMPORT
30064772299,73014444178,IS_CALL_FOR_IMPORT
30064772300,73014444179,IS_CALL_FOR_IMPORT
30064772301,73014444180,IS_CALL_FOR_IMPORT
30064772302,73014444181,IS_CALL_FOR_IMPORT
30064772303,73014444182,IS_CALL_FOR_IMPORT
30064772304,73014444183,IS_CALL_FOR_IMPORT
30064772305,73014444184,IS_CALL_FOR_IMPORT
30064772460,73014444185,IS_CALL_FOR_IMPORT
30064772461,73014444186,IS_CALL_FOR_IMPORT
30064772462,73014444187,IS_CALL_FOR_IMPORT
30064772463,73014444188,IS_CALL_FOR_IMPORT
30064772464,73014444189,IS_CALL_FOR_IMPORT
30064772465,73014444190,IS_CALL_FOR_IMPORT
30064772466,73014444191,IS_CALL_FOR_IMPORT
30064772467,73014444192,IS_CALL_FOR_IMPORT
30064772468,73014444193,IS_CALL_FOR_IMPORT
30064772469,73014444194,IS_CALL_FOR_IMPORT
30064772526,73014444195,IS_CALL_FOR_IMPORT
30064772527,73014444196,IS_CALL_FOR_IMPORT
30064772528,73014444197,IS_CALL_FOR_IMPORT
30064772529,73014444198,IS_CALL_FOR_IMPORT
30064772530,73014444199,IS_CALL_FOR_IMPORT
30064772531,73014444200,IS_CALL_FOR_IMPORT
30064772532,73014444201,IS_CALL_FOR_IMPORT
30064772604,73014444202,IS_CALL_FOR_IMPORT
30064772605,73014444203,IS_CALL_FOR_IMPORT
30064772606,73014444204,IS_CALL_FOR_IMPORT
30064772607,73014444205,IS_CALL_FOR_IMPORT
30064772627,73014444206,IS_CALL_FOR_IMPORT
30064772628,73014444207,IS_CALL_FOR_IMPORT
30064772629,73014444208,IS_CALL_FOR_IMPORT
30064772681,73014444209,IS_CALL_FOR_IMPORT
30064772689,73014444210,IS_CALL_FOR_IMPORT
30064772690,73014444211,IS_CALL_FOR_IMPORT
30064772691,73014444212,IS_CALL_FOR_IMPORT
30064772692,73014444213,IS_CALL_FOR_IMPORT
30064772693,73014444214,IS_CALL_FOR_IMPORT
30064772723,73014444215,IS_CALL_FOR_IMPORT
30064772724,73014444216,IS_CALL_FOR_IMPORT
30064772725,73014444217,IS_CALL_FOR_IMPORT
30064772726,73014444218,IS_CALL_FOR_IMPORT
30064772727,73014444219,IS_CALL_FOR_IMPORT
30064772728,73014444220,IS_CALL_FOR_IMPORT
30064772729,73014444221,IS_CALL_FOR_IMPORT
30064772730,73014444222,IS_CALL_FOR_IMPORT
30064772731,73014444223,IS_CALL_FOR_IMPORT
30064772732,73014444224,IS_CALL_FOR_IMPORT
30064772733,73014444225,IS_CALL_FOR_IMPORT
30064772734,73014444226,IS_CALL_FOR_IMPORT
30064772735,73014444227,IS_CALL_FOR_IMPORT
30064772736,73014444228,IS_CALL_FOR_IMPORT
30064772737,73014444229,IS_CALL_FOR_IMPORT
30064772738,73014444230,IS_CALL_FOR_IMPORT
30064773252,73014444231,IS_CALL_FOR_IMPORT
30064773253,73014444232,IS_CALL_FOR_IMPORT
30064773254,73014444233,IS_CALL_FOR_IMPORT
30064773255,73014444234,IS_CALL_FOR_IMPORT
30064773275,73014444235,IS_CALL_FOR_IMPORT
30064773276,73014444236,IS_CALL_FOR_IMPORT
30064773277,73014444237,IS_CALL_FOR_IMPORT
30064773338,73014444238,IS_CALL_FOR_IMPORT
30064773339,73014444239,IS_CALL_FOR_IMPORT
30064773340,73014444240,IS_CALL_FOR_IMPORT
30064773341,73014444241,IS_CALL_FOR_IMPORT
30064773342,73014444242,IS_CALL_FOR_IMPORT
30064773388,73014444243,IS_CALL_FOR_IMPORT
30064773389,73014444244,IS_CALL_FOR_IMPORT
30064773390,73014444245,IS_CALL_FOR_IMPORT
30064773391,73014444246,IS_CALL_FOR_IMPORT
30064773392,73014444247,IS_CALL_FOR_IMPORT
30064773393,73014444248,IS_CALL_FOR_IMPORT
30064773394,73014444249,IS_CALL_FOR_IMPORT
30064773395,73014444250,IS_CALL_FOR_IMPORT
30064773396,73014444251,IS_CALL_FOR_IMPORT
30064773397,73014444252,IS_CALL_FOR_IMPORT
30064773398,73014444253,IS_CALL_FOR_IMPORT
30064773399,73014444254,IS_CALL_FOR_IMPORT
30064773400,73014444255,IS_CALL_FOR_IMPORT
30064773401,73014444256,IS_CALL_FOR_IMPORT
30064774323,73014444257,IS_CALL_FOR_IMPORT
30064774324,73014444258,IS_CALL_FOR_IMPORT
30064774325,73014444259,IS_CALL_FOR_IMPORT
30064774326,73014444260,IS_CALL_FOR_IMPORT
30064774350,73014444261,IS_CALL_FOR_IMPORT
30064774351,73014444262,IS_CALL_FOR_IMPORT
30064774352,73014444263,IS_CALL_FOR_IMPORT
30064774362,73014444264,IS_CALL_FOR_IMPORT
30064774363,73014444265,IS_CALL_FOR_IMPORT
30064774364,73014444266,IS_CALL_FOR_IMPORT
30064774417,73014444267,IS_CALL_FOR_IMPORT
30064774418,73014444268,IS_CALL_FOR_IMPORT
30064774419,73014444269,IS_CALL_FOR_IMPORT
30064774420,73014444270,IS_CALL_FOR_IMPORT
30064774440,73014444271,IS_CALL_FOR_IMPORT
30064774441,73014444272,IS_CALL_FOR_IMPORT
30064774442,73014444273,IS_CALL_FOR_IMPORT
30064774443,73014444274,IS_CALL_FOR_IMPORT
30064774444,73014444275,IS_CALL_FOR_IMPORT
30064774445,73014444276,IS_CALL_FOR_IMPORT
30064774446,73014444277,IS_CALL_FOR_IMPORT
30064774447,73014444278,IS_CALL_FOR_IMPORT
30064774448,73014444279,IS_CALL_FOR_IMPORT
30064774449,73014444280,IS_CALL_FOR_IMPORT
30064774450,73014444281,IS_CALL_FOR_IMPORT
30064774451,73014444282,IS_CALL_FOR_IMPORT
30064774452,73014444283,IS_CALL_FOR_IMPORT
30064774453,73014444284,IS_CALL_FOR_IMPORT
30064774454,73014444285,IS_CALL_FOR_IMPORT
30064774455,73014444286,IS_CALL_FOR_IMPORT
30064775247,73014444287,IS_CALL_FOR_IMPORT
30064775248,73014444288,IS_CALL_FOR_IMPORT
30064775249,73014444289,IS_CALL_FOR_IMPORT
30064775250,73014444290,IS_CALL_FOR_IMPORT
30064775294,73014444291,IS_CALL_FOR_IMPORT
30064775295,73014444292,IS_CALL_FOR_IMPORT
30064775296,73014444293,IS_CALL_FOR_IMPORT
30064775389,73014444294,IS_CALL_FOR_IMPORT
30064775390,73014444295,IS_CALL_FOR_IMPORT
30064775391,73014444296,IS_CALL_FOR_IMPORT
30064775392,73014444297,IS_CALL_FOR_IMPORT
30064775393,73014444298,IS_CALL_FOR_IMPORT
30064775439,73014444299,IS_CALL_FOR_IMPORT
30064775440,73014444300,IS_CALL_FOR_IMPORT
30064775441,73014444301,IS_CALL_FOR_IMPORT
30064775442,73014444302,IS_CALL_FOR_IMPORT
30064775443,73014444303,IS_CALL_FOR_IMPORT
30064775444,73014444304,IS_CALL_FOR_IMPORT
30064775445,73014444305,IS_CALL_FOR_IMPORT
30064775446,73014444306,IS_CALL_FOR_IMPORT
30064775447,73014444307,IS_CALL_FOR_IMPORT
30064775448,73014444308,IS_CALL_FOR_IMPORT
30064775449,73014444309,IS_CALL_FOR_IMPORT
30064776082,73014444310,IS_CALL_FOR_IMPORT
30064776090,73014444311,IS_CALL_FOR_IMPORT
30064776091,73014444312,IS_CALL_FOR_IMPORT
30064776092,73014444313,IS_CALL_FOR_IMPORT
30064776104,73014444314,IS_CALL_FOR_IMPORT
30064776105,73014444315,IS_CALL_FOR_IMPORT
30064776106,73014444316,IS_CALL_FOR_IMPORT
30064776152,73014444317,IS_CALL_FOR_IMPORT
30064776153,73014444318,IS_CALL_FOR_IMPORT
30064776154,73014444319,IS_CALL_FOR_IMPORT
30064776155,73014444320,IS_CALL_FOR_IMPORT
30064776180,73014444321,IS_CALL_FOR_IMPORT
30064776181,73014444322,IS_CALL_FOR_IMPORT
30064776182,73014444323,IS_CALL_FOR_IMPORT
30064776183,73014444324,IS_CALL_FOR_IMPORT
30064776184,73014444325,IS_CALL_FOR_IMPORT
30064776185,73014444326,IS_CALL_FOR_IMPORT
30064776186,73014444327,IS_CALL_FOR_IMPORT
30064776187,73014444328,IS_CALL_FOR_IMPORT
30064776188,73014444329,IS_CALL_FOR_IMPORT
30064776189,73014444330,IS_CALL_FOR_IMPORT
30064776190,73014444331,IS_CALL_FOR_IMPORT
30064776191,73014444332,IS_CALL_FOR_IMPORT
30064776192,73014444333,IS_CALL_FOR_IMPORT
30064776193,73014444334,IS_CALL_FOR_IMPORT
30064776194,73014444335,IS_CALL_FOR_IMPORT
30064776195,73014444336,IS_CALL_FOR_IMPORT
30064776196,73014444337,IS_CALL_FOR_IMPORT
30064776974,73014444338,IS_CALL_FOR_IMPORT
30064776975,73014444339,IS_CALL_FOR_IMPORT
30064776976,73014444340,IS_CALL_FOR_IMPORT
30064776977,73014444341,IS_CALL_FOR_IMPORT
30064776978,73014444342,IS_CALL_FOR_IMPORT
30064776979,73014444343,IS_CALL_FOR_IMPORT
30064776980,73014444344,IS_CALL_FOR_IMPORT
30064777014,73014444345,IS_CALL_FOR_IMPORT
30064777015,73014444346,IS_CALL_FOR_IMPORT
30064777016,73014444347,IS_CALL_FOR_IMPORT
30064777017,73014444348,IS_CALL_FOR_IMPORT
30064777085,73014444349,IS_CALL_FOR_IMPORT
30064777086,73014444350,IS_CALL_FOR_IMPORT
30064777087,73014444351,IS_CALL_FOR_IMPORT
30064777088,73014444352,IS_CALL_FOR_IMPORT
30064777089,73014444353,IS_CALL_FOR_IMPORT
30064777090,73014444354,IS_CALL_FOR_IMPORT
30064777091,73014444355,IS_CALL_FOR_IMPORT
30064777127,73014444356,IS_CALL_FOR_IMPORT
30064777133,73014444357,IS_CALL_FOR_IMPORT
30064777134,73014444358,IS_CALL_FOR_IMPORT
30064777135,73014444359,IS_CALL_FOR_IMPORT
30064777136,73014444360,IS_CALL_FOR_IMPORT
30064777137,73014444361,IS_CALL_FOR_IMPORT
30064777138,73014444362,IS_CALL_FOR_IMPORT
30064777258,73014444363,IS_CALL_FOR_IMPORT
30064777259,73014444364,IS_CALL_FOR_IMPORT
30064777260,73014444365,IS_CALL_FOR_IMPORT
30064777261,73014444366,IS_CALL_FOR_IMPORT
30064777262,73014444367,IS_CALL_FOR_IMPORT
30064777263,73014444368,IS_CALL_FOR_IMPORT
30064777264,73014444369,IS_CALL_FOR_IMPORT
30064777265,73014444370,IS_CALL_FOR_IMPORT
30064777266,73014444371,IS_CALL_FOR_IMPORT
30064777267,73014444372,IS_CALL_FOR_IMPORT
30064777631,73014444373,IS_CALL_FOR_IMPORT
30064777632,73014444374,IS_CALL_FOR_IMPORT
30064777633,73014444375,IS_CALL_FOR_IMPORT
30064777634,73014444376,IS_CALL_FOR_IMPORT
30064777635,73014444377,IS_CALL_FOR_IMPORT
30064777636,73014444378,IS_CALL_FOR_IMPORT
30064777637,73014444379,IS_CALL_FOR_IMPORT
30064777638,73014444380,IS_CALL_FOR_IMPORT
30064777639,73014444381,IS_CALL_FOR_IMPORT
30064777640,73014444382,IS_CALL_FOR_IMPORT
30064777641,73014444383,IS_CALL_FOR_IMPORT
30064777642,73014444384,IS_CALL_FOR_IMPORT
30064777643,73014444385,IS_CALL_FOR_IMPORT
30064777644,73014444386,IS_CALL_FOR_IMPORT
30064777645,73014444387,IS_CALL_FOR_IMPORT
30064777646,73014444388,IS_CALL_FOR_IMPORT
30064777647,73014444389,IS_CALL_FOR_IMPORT
30064777648,73014444390,IS_CALL_FOR_IMPORT
30064777649,73014444391,IS_CALL_FOR_IMPORT
30064777650,73014444392,IS_CALL_FOR_IMPORT
30064777651,73014444393,IS_CALL_FOR_IMPORT
30064777652,73014444394,IS_CALL_FOR_IMPORT
30064777653,73014444395,IS_CALL_FOR_IMPORT
30064777654,73014444396,IS_CALL_FOR_IMPORT
30064777655,73014444397,IS_CALL_FOR_IMPORT
30064777656,73014444398,IS_CALL_FOR_IMPORT
30064777657,73014444399,IS_CALL_FOR_IMPORT
30064777658,73014444400,IS_CALL_FOR_IMPORT
30064778925,73014444401,IS_CALL_FOR_IMPORT
30064778926,73014444402,IS_CALL_FOR_IMPORT
30064778927,73014444403,IS_CALL_FOR_IMPORT
30064778963,73014444404,IS_CALL_FOR_IMPORT
30064778964,73014444405,IS_CALL_FOR_IMPORT
30064778999,73014444406,IS_CALL_FOR_IMPORT
30064779000,73014444407,IS_CALL_FOR_IMPORT
30064779001,73014444408,IS_CALL_FOR_IMPORT
30064779002,73014444409,IS_CALL_FOR_IMPORT
30064779003,73014444410,IS_CALL_FOR_IMPORT
30064779004,73014444411,IS_CALL_FOR_IMPORT
30064779005,73014444412,IS_CALL_FOR_IMPORT
30064779091,73014444413,IS_CALL_FOR_IMPORT
30064779097,73014444414,IS_CALL_FOR_IMPORT
30064779103,73014444415,IS_CALL_FOR_IMPORT
30064779111,73014444416,IS_CALL_FOR_IMPORT
30064779112,73014444417,IS_CALL_FOR_IMPORT
30064779113,73014444418,IS_CALL_FOR_IMPORT
30064779114,73014444419,IS_CALL_FOR_IMPORT
30064779213,73014444420,IS_CALL_FOR_IMPORT
30064779214,73014444421,IS_CALL_FOR_IMPORT
30064779215,73014444422,IS_CALL_FOR_IMPORT
30064779276,73014444423,IS_CALL_FOR_IMPORT
30064779277,73014444424,IS_CALL_FOR_IMPORT
30064779278,73014444425,IS_CALL_FOR_IMPORT
30064779279,73014444426,IS_CALL_FOR_IMPORT
30064779280,73014444427,IS_CALL_FOR_IMPORT
30064779281,73014444428,IS_CALL_FOR_IMPORT
30064779307,73014444429,IS_CALL_FOR_IMPORT
30064779308,73014444430,IS_CALL_FOR_IMPORT
30064779309,73014444431,IS_CALL_FOR_IMPORT
30064779310,73014444432,IS_CALL_FOR_IMPORT
30064779311,73014444433,IS_CALL_FOR_IMPORT
30064779312,73014444434,IS_CALL_FOR_IMPORT
30064779313,73014444435,IS_CALL_FOR_IMPORT
30064779314,73014444436,IS_CALL_FOR_IMPORT
30064779315,73014444437,IS_CALL_FOR_IMPORT
30064779316,73014444438,IS_CALL_FOR_IMPORT
30064779317,73014444439,IS_CALL_FOR_IMPORT
30064779318,73014444440,IS_CALL_FOR_IMPORT
30064779319,73014444441,IS_CALL_FOR_IMPORT
30064779320,73014444442,IS_CALL_FOR_IMPORT
30064779321,73014444443,IS_CALL_FOR_IMPORT
30064779322,73014444444,IS_CALL_FOR_IMPORT
30064779323,73014444445,IS_CALL_FOR_IMPORT
30064779324,73014444446,IS_CALL_FOR_IMPORT
