30064771080,150323855360,TAGGED_BY
30064771080,150323855361,TAGGED_BY
30064771081,150323855362,TAGGED_BY
30064771081,150323855363,TAGGED_BY
30064771082,150323855364,TAGGED_BY
30064771082,150323855365,TAGGED_BY
30064771083,150323855366,TAGGED_BY
30064771108,150323855367,TAGGED_BY
30064771109,150323855368,TAGGED_BY
30064771109,150323855369,TAGGED_BY
30064771110,150323855370,TAGGED_BY
30064771111,150323855371,TAGGED_BY
30064771112,150323855372,TAGGED_BY
30064771112,150323855373,TAGGED_BY
30064771113,150323855374,TAGGED_BY
30064771113,150323855375,TAGGED_BY
30064771114,150323855376,TAGGED_BY
30064771114,150323855377,TAGGED_BY
30064771115,150323855378,TAGGED_BY
30064771115,150323855379,TAGGED_BY
30064771116,150323855380,TAGGED_BY
30064771117,150323855381,TAGGED_BY
30064771118,150323855382,TAGGED_BY
30064771119,150323855383,TAGGED_BY
30064771120,150323855384,TAGGED_BY
30064771121,150323855385,TAGGED_BY
30064771122,150323855386,TAGGED_BY
30064771195,150323855387,TAGGED_BY
30064771195,150323855388,TAGGED_BY
30064771196,150323855389,TAGGED_BY
30064771196,150323855390,TAGGED_BY
30064771221,150323855391,TAGGED_BY
30064771222,150323855392,TAGGED_BY
30064771222,150323855393,TAGGED_BY
30064771223,150323855394,TAGGED_BY
30064771223,150323855395,TAGGED_BY
30064771224,150323855396,TAGGED_BY
30064771224,150323855397,TAGGED_BY
30064771225,150323855398,TAGGED_BY
30064771225,150323855399,TAGGED_BY
30064771226,150323855400,TAGGED_BY
30064771226,150323855401,TAGGED_BY
30064771227,150323855402,TAGGED_BY
30064771227,150323855403,TAGGED_BY
30064771228,150323855404,TAGGED_BY
30064771228,150323855405,TAGGED_BY
30064771229,150323855406,TAGGED_BY
30064771229,150323855407,TAGGED_BY
30064771230,150323855408,TAGGED_BY
30064771231,150323855409,TAGGED_BY
30064771232,150323855410,TAGGED_BY
30064771233,150323855411,TAGGED_BY
30064771233,150323855412,TAGGED_BY
30064771363,150323855413,TAGGED_BY
30064771364,150323855414,TAGGED_BY
30064771364,150323855415,TAGGED_BY
30064771365,150323855416,TAGGED_BY
30064771365,150323855417,TAGGED_BY
30064771366,150323855418,TAGGED_BY
30064771367,150323855419,TAGGED_BY
30064771368,150323855420,TAGGED_BY
30064771368,150323855421,TAGGED_BY
30064771369,150323855422,TAGGED_BY
30064771369,150323855423,TAGGED_BY
30064771370,150323855424,TAGGED_BY
30064771370,150323855425,TAGGED_BY
30064771371,150323855426,TAGGED_BY
30064771371,150323855427,TAGGED_BY
30064771372,150323855428,TAGGED_BY
30064771429,150323855429,TAGGED_BY
30064771430,150323855430,TAGGED_BY
30064771430,150323855431,TAGGED_BY
30064771431,150323855432,TAGGED_BY
30064771431,150323855433,TAGGED_BY
30064771432,150323855434,TAGGED_BY
30064771432,150323855435,TAGGED_BY
30064771433,150323855436,TAGGED_BY
30064771433,150323855437,TAGGED_BY
30064771434,150323855438,TAGGED_BY
30064771434,150323855439,TAGGED_BY
30064771435,150323855440,TAGGED_BY
30064771435,150323855441,TAGGED_BY
30064771436,150323855442,TAGGED_BY
30064771436,150323855443,TAGGED_BY
30064771437,150323855444,TAGGED_BY
30064771437,150323855445,TAGGED_BY
30064771438,150323855446,TAGGED_BY
30064771439,150323855447,TAGGED_BY
30064771440,150323855448,TAGGED_BY
30064771441,150323855449,TAGGED_BY
30064771441,150323855450,TAGGED_BY
30064771564,150323855451,TAGGED_BY
30064771565,150323855452,TAGGED_BY
30064771565,150323855453,TAGGED_BY
30064771566,150323855454,TAGGED_BY
30064771566,150323855455,TAGGED_BY
30064771567,150323855456,TAGGED_BY
30064771567,150323855457,TAGGED_BY
30064771568,150323855458,TAGGED_BY
30064771568,150323855459,TAGGED_BY
30064771569,150323855460,TAGGED_BY
30064771570,150323855461,TAGGED_BY
30064771615,150323855462,TAGGED_BY
30064771615,150323855463,TAGGED_BY
30064771616,150323855464,TAGGED_BY
30064771616,150323855465,TAGGED_BY
30064771617,150323855466,TAGGED_BY
30064771617,150323855467,TAGGED_BY
30064771618,150323855468,TAGGED_BY
30064771618,150323855469,TAGGED_BY
30064771619,150323855470,TAGGED_BY
30064771619,150323855471,TAGGED_BY
30064771620,150323855472,TAGGED_BY
30064771620,150323855473,TAGGED_BY
30064771621,150323855474,TAGGED_BY
30064771621,150323855475,TAGGED_BY
30064771622,150323855476,TAGGED_BY
30064771622,150323855477,TAGGED_BY
30064771623,150323855478,TAGGED_BY
30064771624,150323855479,TAGGED_BY
30064771625,150323855480,TAGGED_BY
30064771625,150323855481,TAGGED_BY
30064771626,150323855482,TAGGED_BY
30064771626,150323855483,TAGGED_BY
30064771627,150323855484,TAGGED_BY
30064771627,150323855485,TAGGED_BY
30064771628,150323855486,TAGGED_BY
30064771628,150323855487,TAGGED_BY
30064771765,150323855488,TAGGED_BY
30064771766,150323855489,TAGGED_BY
30064771766,150323855490,TAGGED_BY
30064771767,150323855491,TAGGED_BY
30064771767,150323855492,TAGGED_BY
30064771768,150323855493,TAGGED_BY
30064771768,150323855494,TAGGED_BY
30064771769,150323855495,TAGGED_BY
30064771769,150323855496,TAGGED_BY
30064771770,150323855497,TAGGED_BY
30064771770,150323855498,TAGGED_BY
30064771771,150323855499,TAGGED_BY
30064771771,150323855500,TAGGED_BY
30064771772,150323855501,TAGGED_BY
30064771773,150323855502,TAGGED_BY
30064771826,150323855503,TAGGED_BY
30064771827,150323855504,TAGGED_BY
30064771828,150323855505,TAGGED_BY
30064771829,150323855506,TAGGED_BY
30064771829,150323855507,TAGGED_BY
30064771830,150323855508,TAGGED_BY
30064771830,150323855509,TAGGED_BY
30064771831,150323855510,TAGGED_BY
30064771831,150323855511,TAGGED_BY
30064771832,150323855512,TAGGED_BY
30064771832,150323855513,TAGGED_BY
30064771833,150323855514,TAGGED_BY
30064771833,150323855515,TAGGED_BY
30064771834,150323855516,TAGGED_BY
30064771834,150323855517,TAGGED_BY
30064771835,150323855518,TAGGED_BY
30064771835,150323855519,TAGGED_BY
30064771836,150323855520,TAGGED_BY
30064771836,150323855521,TAGGED_BY
30064771837,150323855522,TAGGED_BY
30064771838,150323855523,TAGGED_BY
30064771838,150323855524,TAGGED_BY
30064772007,150323855525,TAGGED_BY
30064772007,150323855526,TAGGED_BY
30064772008,150323855527,TAGGED_BY
30064772008,150323855528,TAGGED_BY
30064772009,150323855529,TAGGED_BY
30064772009,150323855530,TAGGED_BY
30064772010,150323855531,TAGGED_BY
30064772011,150323855532,TAGGED_BY
30064772011,150323855533,TAGGED_BY
30064772012,150323855534,TAGGED_BY
30064772012,150323855535,TAGGED_BY
30064772013,150323855536,TAGGED_BY
30064772014,150323855537,TAGGED_BY
30064772063,150323855538,TAGGED_BY
30064772063,150323855539,TAGGED_BY
30064772064,150323855540,TAGGED_BY
30064772064,150323855541,TAGGED_BY
30064772065,150323855542,TAGGED_BY
30064772065,150323855543,TAGGED_BY
30064772066,150323855544,TAGGED_BY
30064772066,150323855545,TAGGED_BY
30064772067,150323855546,TAGGED_BY
30064772067,150323855547,TAGGED_BY
30064772068,150323855548,TAGGED_BY
30064772068,150323855549,TAGGED_BY
30064772069,150323855550,TAGGED_BY
30064772069,150323855551,TAGGED_BY
30064772070,150323855552,TAGGED_BY
30064772070,150323855553,TAGGED_BY
30064772071,150323855554,TAGGED_BY
30064772071,150323855555,TAGGED_BY
30064772072,150323855556,TAGGED_BY
30064772073,150323855557,TAGGED_BY
30064772074,150323855558,TAGGED_BY
30064772075,150323855559,TAGGED_BY
30064772190,150323855560,TAGGED_BY
30064772190,150323855561,TAGGED_BY
30064772191,150323855562,TAGGED_BY
30064772191,150323855563,TAGGED_BY
30064772192,150323855564,TAGGED_BY
30064772192,150323855565,TAGGED_BY
30064772193,150323855566,TAGGED_BY
30064772193,150323855567,TAGGED_BY
30064772194,150323855568,TAGGED_BY
30064772194,150323855569,TAGGED_BY
30064772195,150323855570,TAGGED_BY
30064772195,150323855571,TAGGED_BY
30064772196,150323855572,TAGGED_BY
30064772196,150323855573,TAGGED_BY
30064772197,150323855574,TAGGED_BY
30064772198,150323855575,TAGGED_BY
30064772198,150323855576,TAGGED_BY
30064772199,150323855577,TAGGED_BY
30064772200,150323855578,TAGGED_BY
30064772201,150323855579,TAGGED_BY
30064772202,150323855580,TAGGED_BY
30064772203,150323855581,TAGGED_BY
30064772204,150323855582,TAGGED_BY
30064772205,150323855583,TAGGED_BY
30064772206,150323855584,TAGGED_BY
30064772291,150323855585,TAGGED_BY
30064772291,150323855586,TAGGED_BY
30064772292,150323855587,TAGGED_BY
30064772292,150323855588,TAGGED_BY
30064772293,150323855589,TAGGED_BY
30064772293,150323855590,TAGGED_BY
30064772294,150323855591,TAGGED_BY
30064772294,150323855592,TAGGED_BY
30064772295,150323855593,TAGGED_BY
30064772295,150323855594,TAGGED_BY
30064772296,150323855595,TAGGED_BY
30064772296,150323855596,TAGGED_BY
30064772297,150323855597,TAGGED_BY
30064772297,150323855598,TAGGED_BY
30064772298,150323855599,TAGGED_BY
30064772298,150323855600,TAGGED_BY
30064772299,150323855601,TAGGED_BY
30064772299,150323855602,TAGGED_BY
30064772300,150323855603,TAGGED_BY
30064772300,150323855604,TAGGED_BY
30064772301,150323855605,TAGGED_BY
30064772302,150323855606,TAGGED_BY
30064772303,150323855607,TAGGED_BY
30064772304,150323855608,TAGGED_BY
30064772305,150323855609,TAGGED_BY
30064772305,150323855610,TAGGED_BY
30064772460,150323855611,TAGGED_BY
30064772460,150323855612,TAGGED_BY
30064772461,150323855613,TAGGED_BY
30064772461,150323855614,TAGGED_BY
30064772462,150323855615,TAGGED_BY
30064772463,150323855616,TAGGED_BY
30064772463,150323855617,TAGGED_BY
30064772464,150323855618,TAGGED_BY
30064772464,150323855619,TAGGED_BY
30064772465,150323855620,TAGGED_BY
30064772465,150323855621,TAGGED_BY
30064772466,150323855622,TAGGED_BY
30064772467,150323855623,TAGGED_BY
30064772468,150323855624,TAGGED_BY
30064772468,150323855625,TAGGED_BY
30064772469,150323855626,TAGGED_BY
30064772526,150323855627,TAGGED_BY
30064772526,150323855628,TAGGED_BY
30064772527,150323855629,TAGGED_BY
30064772527,150323855630,TAGGED_BY
30064772528,150323855631,TAGGED_BY
30064772528,150323855632,TAGGED_BY
30064772529,150323855633,TAGGED_BY
30064772529,150323855634,TAGGED_BY
30064772530,150323855635,TAGGED_BY
30064772531,150323855636,TAGGED_BY
30064772531,150323855637,TAGGED_BY
30064772532,150323855638,TAGGED_BY
30064772532,150323855639,TAGGED_BY
30064772604,150323855640,TAGGED_BY
30064772605,150323855641,TAGGED_BY
30064772605,150323855642,TAGGED_BY
30064772606,150323855643,TAGGED_BY
30064772606,150323855644,TAGGED_BY
30064772607,150323855645,TAGGED_BY
30064772607,150323855646,TAGGED_BY
30064772627,150323855647,TAGGED_BY
30064772627,150323855648,TAGGED_BY
30064772628,150323855649,TAGGED_BY
30064772629,150323855650,TAGGED_BY
30064772629,150323855651,TAGGED_BY
30064772681,150323855652,TAGGED_BY
30064772681,150323855653,TAGGED_BY
30064772689,150323855654,TAGGED_BY
30064772689,150323855655,TAGGED_BY
30064772690,150323855656,TAGGED_BY
30064772691,150323855657,TAGGED_BY
30064772691,150323855658,TAGGED_BY
30064772692,150323855659,TAGGED_BY
30064772692,150323855660,TAGGED_BY
30064772693,150323855661,TAGGED_BY
30064772693,150323855662,TAGGED_BY
30064772723,150323855663,TAGGED_BY
30064772724,150323855664,TAGGED_BY
30064772724,150323855665,TAGGED_BY
30064772725,150323855666,TAGGED_BY
30064772725,150323855667,TAGGED_BY
30064772726,150323855668,TAGGED_BY
30064772726,150323855669,TAGGED_BY
30064772727,150323855670,TAGGED_BY
30064772727,150323855671,TAGGED_BY
30064772728,150323855672,TAGGED_BY
30064772728,150323855673,TAGGED_BY
30064772729,150323855674,TAGGED_BY
30064772729,150323855675,TAGGED_BY
30064772730,150323855676,TAGGED_BY
30064772730,150323855677,TAGGED_BY
30064772731,150323855678,TAGGED_BY
30064772731,150323855679,TAGGED_BY
30064772732,150323855680,TAGGED_BY
30064772732,150323855681,TAGGED_BY
30064772733,150323855682,TAGGED_BY
30064772734,150323855683,TAGGED_BY
30064772735,150323855684,TAGGED_BY
30064772735,150323855685,TAGGED_BY
30064772736,150323855686,TAGGED_BY
30064772736,150323855687,TAGGED_BY
30064772737,150323855688,TAGGED_BY
30064772738,150323855689,TAGGED_BY
30064773252,150323855690,TAGGED_BY
30064773253,150323855691,TAGGED_BY
30064773253,150323855692,TAGGED_BY
30064773254,150323855693,TAGGED_BY
30064773254,150323855694,TAGGED_BY
30064773255,150323855695,TAGGED_BY
30064773255,150323855696,TAGGED_BY
30064773275,150323855697,TAGGED_BY
30064773275,150323855698,TAGGED_BY
30064773276,150323855699,TAGGED_BY
30064773276,150323855700,TAGGED_BY
30064773277,150323855701,TAGGED_BY
30064773338,150323855702,TAGGED_BY
30064773338,150323855703,TAGGED_BY
30064773339,150323855704,TAGGED_BY
30064773340,150323855705,TAGGED_BY
30064773340,150323855706,TAGGED_BY
30064773341,150323855707,TAGGED_BY
30064773341,150323855708,TAGGED_BY
30064773342,150323855709,TAGGED_BY
30064773342,150323855710,TAGGED_BY
30064773388,150323855711,TAGGED_BY
30064773388,150323855712,TAGGED_BY
30064773389,150323855713,TAGGED_BY
30064773389,150323855714,TAGGED_BY
30064773390,150323855715,TAGGED_BY
30064773390,150323855716,TAGGED_BY
30064773391,150323855717,TAGGED_BY
30064773391,150323855718,TAGGED_BY
30064773392,150323855719,TAGGED_BY
30064773392,150323855720,TAGGED_BY
30064773393,150323855721,TAGGED_BY
30064773393,150323855722,TAGGED_BY
30064773394,150323855723,TAGGED_BY
30064773395,150323855724,TAGGED_BY
30064773396,150323855725,TAGGED_BY
30064773397,150323855726,TAGGED_BY
30064773398,150323855727,TAGGED_BY
30064773398,150323855728,TAGGED_BY
30064773399,150323855729,TAGGED_BY
30064773399,150323855730,TAGGED_BY
30064773400,150323855731,TAGGED_BY
30064773400,150323855732,TAGGED_BY
30064773401,150323855733,TAGGED_BY
30064773401,150323855734,TAGGED_BY
30064774323,150323855735,TAGGED_BY
30064774323,150323855736,TAGGED_BY
30064774324,150323855737,TAGGED_BY
30064774325,150323855738,TAGGED_BY
30064774325,150323855739,TAGGED_BY
30064774326,150323855740,TAGGED_BY
30064774326,150323855741,TAGGED_BY
30064774350,150323855742,TAGGED_BY
30064774351,150323855743,TAGGED_BY
30064774351,150323855744,TAGGED_BY
30064774352,150323855745,TAGGED_BY
30064774352,150323855746,TAGGED_BY
30064774362,150323855747,TAGGED_BY
30064774362,150323855748,TAGGED_BY
30064774363,150323855749,TAGGED_BY
30064774364,150323855750,TAGGED_BY
30064774364,150323855751,TAGGED_BY
30064774417,150323855752,TAGGED_BY
30064774417,150323855753,TAGGED_BY
30064774418,150323855754,TAGGED_BY
30064774419,150323855755,TAGGED_BY
30064774419,150323855756,TAGGED_BY
30064774420,150323855757,TAGGED_BY
30064774420,150323855758,TAGGED_BY
30064774440,150323855759,TAGGED_BY
30064774441,150323855760,TAGGED_BY
30064774441,150323855761,TAGGED_BY
30064774442,150323855762,TAGGED_BY
30064774442,150323855763,TAGGED_BY
30064774443,150323855764,TAGGED_BY
30064774443,150323855765,TAGGED_BY
30064774444,150323855766,TAGGED_BY
30064774444,150323855767,TAGGED_BY
30064774445,150323855768,TAGGED_BY
30064774445,150323855769,TAGGED_BY
30064774446,150323855770,TAGGED_BY
30064774446,150323855771,TAGGED_BY
30064774447,150323855772,TAGGED_BY
30064774447,150323855773,TAGGED_BY
30064774448,150323855774,TAGGED_BY
30064774448,150323855775,TAGGED_BY
30064774449,150323855776,TAGGED_BY
30064774450,150323855777,TAGGED_BY
30064774451,150323855778,TAGGED_BY
30064774452,150323855779,TAGGED_BY
30064774452,150323855780,TAGGED_BY
30064774453,150323855781,TAGGED_BY
30064774453,150323855782,TAGGED_BY
30064774454,150323855783,TAGGED_BY
30064774454,150323855784,TAGGED_BY
30064774455,150323855785,TAGGED_BY
30064775247,150323855786,TAGGED_BY
30064775248,150323855787,TAGGED_BY
30064775248,150323855788,TAGGED_BY
30064775249,150323855789,TAGGED_BY
30064775249,150323855790,TAGGED_BY
30064775250,150323855791,TAGGED_BY
30064775250,150323855792,TAGGED_BY
30064775294,150323855793,TAGGED_BY
30064775294,150323855794,TAGGED_BY
30064775295,150323855795,TAGGED_BY
30064775295,150323855796,TAGGED_BY
30064775296,150323855797,TAGGED_BY
30064775389,150323855798,TAGGED_BY
30064775389,150323855799,TAGGED_BY
30064775390,150323855800,TAGGED_BY
30064775390,150323855801,TAGGED_BY
30064775391,150323855802,TAGGED_BY
30064775391,150323855803,TAGGED_BY
30064775392,150323855804,TAGGED_BY
30064775392,150323855805,TAGGED_BY
30064775393,150323855806,TAGGED_BY
30064775439,150323855807,TAGGED_BY
30064775439,150323855808,TAGGED_BY
30064775440,150323855809,TAGGED_BY
30064775440,150323855810,TAGGED_BY
30064775441,150323855811,TAGGED_BY
30064775441,150323855812,TAGGED_BY
30064775442,150323855813,TAGGED_BY
30064775442,150323855814,TAGGED_BY
30064775443,150323855815,TAGGED_BY
30064775443,150323855816,TAGGED_BY
30064775444,150323855817,TAGGED_BY
30064775444,150323855818,TAGGED_BY
30064775445,150323855819,TAGGED_BY
30064775445,150323855820,TAGGED_BY
30064775446,150323855821,TAGGED_BY
30064775447,150323855822,TAGGED_BY
30064775448,150323855823,TAGGED_BY
30064775449,150323855824,TAGGED_BY
30064776082,150323855825,TAGGED_BY
30064776082,150323855826,TAGGED_BY
30064776090,150323855827,TAGGED_BY
30064776091,150323855828,TAGGED_BY
30064776091,150323855829,TAGGED_BY
30064776092,150323855830,TAGGED_BY
30064776092,150323855831,TAGGED_BY
30064776104,150323855832,TAGGED_BY
30064776104,150323855833,TAGGED_BY
30064776105,150323855834,TAGGED_BY
30064776105,150323855835,TAGGED_BY
30064776106,150323855836,TAGGED_BY
30064776152,150323855837,TAGGED_BY
30064776152,150323855838,TAGGED_BY
30064776153,150323855839,TAGGED_BY
30064776153,150323855840,TAGGED_BY
30064776154,150323855841,TAGGED_BY
30064776154,150323855842,TAGGED_BY
30064776155,150323855843,TAGGED_BY
30064776180,150323855844,TAGGED_BY
30064776180,150323855845,TAGGED_BY
30064776181,150323855846,TAGGED_BY
30064776181,150323855847,TAGGED_BY
30064776182,150323855848,TAGGED_BY
30064776182,150323855849,TAGGED_BY
30064776183,150323855850,TAGGED_BY
30064776183,150323855851,TAGGED_BY
30064776184,150323855852,TAGGED_BY
30064776184,150323855853,TAGGED_BY
30064776185,150323855854,TAGGED_BY
30064776185,150323855855,TAGGED_BY
30064776186,150323855856,TAGGED_BY
30064776186,150323855857,TAGGED_BY
30064776187,150323855858,TAGGED_BY
30064776187,150323855859,TAGGED_BY
30064776188,150323855860,TAGGED_BY
30064776188,150323855861,TAGGED_BY
30064776189,150323855862,TAGGED_BY
30064776190,150323855863,TAGGED_BY
30064776191,150323855864,TAGGED_BY
30064776192,150323855865,TAGGED_BY
30064776192,150323855866,TAGGED_BY
30064776193,150323855867,TAGGED_BY
30064776194,150323855868,TAGGED_BY
30064776195,150323855869,TAGGED_BY
30064776196,150323855870,TAGGED_BY
30064776974,150323855871,TAGGED_BY
30064776974,150323855872,TAGGED_BY
30064776975,150323855873,TAGGED_BY
30064776976,150323855874,TAGGED_BY
30064776976,150323855875,TAGGED_BY
30064776977,150323855876,TAGGED_BY
30064776977,150323855877,TAGGED_BY
30064776978,150323855878,TAGGED_BY
30064776978,150323855879,TAGGED_BY
30064776979,150323855880,TAGGED_BY
30064776979,150323855881,TAGGED_BY
30064776980,150323855882,TAGGED_BY
30064776980,150323855883,TAGGED_BY
30064777014,150323855884,TAGGED_BY
30064777014,150323855885,TAGGED_BY
30064777015,150323855886,TAGGED_BY
30064777015,150323855887,TAGGED_BY
30064777016,150323855888,TAGGED_BY
30064777017,150323855889,TAGGED_BY
30064777017,150323855890,TAGGED_BY
30064777085,150323855891,TAGGED_BY
30064777085,150323855892,TAGGED_BY
30064777086,150323855893,TAGGED_BY
30064777086,150323855894,TAGGED_BY
30064777087,150323855895,TAGGED_BY
30064777088,150323855896,TAGGED_BY
30064777088,150323855897,TAGGED_BY
30064777089,150323855898,TAGGED_BY
30064777089,150323855899,TAGGED_BY
30064777090,150323855900,TAGGED_BY
30064777090,150323855901,TAGGED_BY
30064777091,150323855902,TAGGED_BY
30064777091,150323855903,TAGGED_BY
30064777127,150323855904,TAGGED_BY
30064777127,150323855905,TAGGED_BY
30064777133,150323855906,TAGGED_BY
30064777133,150323855907,TAGGED_BY
30064777134,150323855908,TAGGED_BY
30064777134,150323855909,TAGGED_BY
30064777135,150323855910,TAGGED_BY
30064777136,150323855911,TAGGED_BY
30064777137,150323855912,TAGGED_BY
30064777138,150323855913,TAGGED_BY
30064777138,150323855914,TAGGED_BY
30064777258,150323855915,TAGGED_BY
30064777258,150323855916,TAGGED_BY
30064777259,150323855917,TAGGED_BY
30064777259,150323855918,TAGGED_BY
30064777260,150323855919,TAGGED_BY
30064777260,150323855920,TAGGED_BY
30064777261,150323855921,TAGGED_BY
30064777261,150323855922,TAGGED_BY
30064777262,150323855923,TAGGED_BY
30064777262,150323855924,TAGGED_BY
30064777263,150323855925,TAGGED_BY
30064777263,150323855926,TAGGED_BY
30064777264,150323855927,TAGGED_BY
30064777264,150323855928,TAGGED_BY
30064777265,150323855929,TAGGED_BY
30064777266,150323855930,TAGGED_BY
30064777267,150323855931,TAGGED_BY
30064777631,150323855932,TAGGED_BY
30064777631,150323855933,TAGGED_BY
30064777632,150323855934,TAGGED_BY
30064777632,150323855935,TAGGED_BY
30064777633,150323855936,TAGGED_BY
30064777633,150323855937,TAGGED_BY
30064777634,150323855938,TAGGED_BY
30064777635,150323855939,TAGGED_BY
30064777635,150323855940,TAGGED_BY
30064777636,150323855941,TAGGED_BY
30064777636,150323855942,TAGGED_BY
30064777637,150323855943,TAGGED_BY
30064777637,150323855944,TAGGED_BY
30064777638,150323855945,TAGGED_BY
30064777638,150323855946,TAGGED_BY
30064777639,150323855947,TAGGED_BY
30064777639,150323855948,TAGGED_BY
30064777640,150323855949,TAGGED_BY
30064777641,150323855950,TAGGED_BY
30064777641,150323855951,TAGGED_BY
30064777642,150323855952,TAGGED_BY
30064777642,150323855953,TAGGED_BY
30064777643,150323855954,TAGGED_BY
30064777643,150323855955,TAGGED_BY
30064777644,150323855956,TAGGED_BY
30064777644,150323855957,TAGGED_BY
30064777645,150323855958,TAGGED_BY
30064777645,150323855959,TAGGED_BY
30064777646,150323855960,TAGGED_BY
30064777646,150323855961,TAGGED_BY
30064777647,150323855962,TAGGED_BY
30064777647,150323855963,TAGGED_BY
30064777648,150323855964,TAGGED_BY
30064777649,150323855965,TAGGED_BY
30064777650,150323855966,TAGGED_BY
30064777650,150323855967,TAGGED_BY
30064777651,150323855968,TAGGED_BY
30064777651,150323855969,TAGGED_BY
30064777652,150323855970,TAGGED_BY
30064777653,150323855971,TAGGED_BY
30064777654,150323855972,TAGGED_BY
30064777655,150323855973,TAGGED_BY
30064777655,150323855974,TAGGED_BY
30064777656,150323855975,TAGGED_BY
30064777656,150323855976,TAGGED_BY
30064777657,150323855977,TAGGED_BY
30064777657,150323855978,TAGGED_BY
30064777658,150323855979,TAGGED_BY
30064777658,150323855980,TAGGED_BY
30064778925,150323855981,TAGGED_BY
30064778925,150323855982,TAGGED_BY
30064778926,150323855983,TAGGED_BY
30064778926,150323855984,TAGGED_BY
30064778927,150323855985,TAGGED_BY
30064778963,150323855986,TAGGED_BY
30064778963,150323855987,TAGGED_BY
30064778964,150323855988,TAGGED_BY
30064778999,150323855989,TAGGED_BY
30064778999,150323855990,TAGGED_BY
30064779000,150323855991,TAGGED_BY
30064779000,150323855992,TAGGED_BY
30064779001,150323855993,TAGGED_BY
30064779001,150323855994,TAGGED_BY
30064779002,150323855995,TAGGED_BY
30064779002,150323855996,TAGGED_BY
30064779003,150323855997,TAGGED_BY
30064779003,150323855998,TAGGED_BY
30064779004,150323855999,TAGGED_BY
30064779004,150323856000,TAGGED_BY
30064779005,150323856001,TAGGED_BY
30064779005,150323856002,TAGGED_BY
30064779091,150323856003,TAGGED_BY
30064779091,150323856004,TAGGED_BY
30064779097,150323856005,TAGGED_BY
30064779097,150323856006,TAGGED_BY
30064779103,150323856007,TAGGED_BY
30064779103,150323856008,TAGGED_BY
30064779111,150323856009,TAGGED_BY
30064779112,150323856010,TAGGED_BY
30064779112,150323856011,TAGGED_BY
30064779113,150323856012,TAGGED_BY
30064779113,150323856013,TAGGED_BY
30064779114,150323856014,TAGGED_BY
30064779114,150323856015,TAGGED_BY
30064779213,150323856016,TAGGED_BY
30064779213,150323856017,TAGGED_BY
30064779214,150323856018,TAGGED_BY
30064779214,150323856019,TAGGED_BY
30064779215,150323856020,TAGGED_BY
30064779215,150323856021,TAGGED_BY
30064779276,150323856022,TAGGED_BY
30064779276,150323856023,TAGGED_BY
30064779277,150323856024,TAGGED_BY
30064779277,150323856025,TAGGED_BY
30064779278,150323856026,TAGGED_BY
30064779278,150323856027,TAGGED_BY
30064779279,150323856028,TAGGED_BY
30064779279,150323856029,TAGGED_BY
30064779280,150323856030,TAGGED_BY
30064779280,150323856031,TAGGED_BY
30064779281,150323856032,TAGGED_BY
30064779281,150323856033,TAGGED_BY
30064779307,150323856034,TAGGED_BY
30064779307,150323856035,TAGGED_BY
30064779308,150323856036,TAGGED_BY
30064779308,150323856037,TAGGED_BY
30064779309,150323856038,TAGGED_BY
30064779310,150323856039,TAGGED_BY
30064779310,150323856040,TAGGED_BY
30064779311,150323856041,TAGGED_BY
30064779311,150323856042,TAGGED_BY
30064779312,150323856043,TAGGED_BY
30064779312,150323856044,TAGGED_BY
30064779313,150323856045,TAGGED_BY
30064779313,150323856046,TAGGED_BY
30064779314,150323856047,TAGGED_BY
30064779314,150323856048,TAGGED_BY
30064779315,150323856049,TAGGED_BY
30064779315,150323856050,TAGGED_BY
30064779316,150323856051,TAGGED_BY
30064779316,150323856052,TAGGED_BY
30064779317,150323856053,TAGGED_BY
30064779317,150323856054,TAGGED_BY
30064779318,150323856055,TAGGED_BY
30064779318,150323856056,TAGGED_BY
30064779319,150323856057,TAGGED_BY
30064779319,150323856058,TAGGED_BY
30064779320,150323856059,TAGGED_BY
30064779320,150323856060,TAGGED_BY
30064779321,150323856061,TAGGED_BY
30064779321,150323856062,TAGGED_BY
30064779322,150323856063,TAGGED_BY
30064779323,150323856064,TAGGED_BY
30064779323,150323856065,TAGGED_BY
30064779324,150323856066,TAGGED_BY
30064779324,150323856067,TAGGED_BY
