73014444032,51539607552,IMPORTS
73014444033,51539607553,IMPORTS
73014444034,51539607554,IMPORTS
73014444035,51539607555,IMPORTS
73014444036,51539607556,IMPORTS
73014444037,51539607557,IMPORTS
73014444038,51539607558,IMPORTS
73014444039,51539607559,IMPORTS
73014444040,51539607560,IMPORTS
73014444041,51539607561,IMPORTS
73014444042,51539607562,IMPORTS
73014444043,51539607563,IMPORTS
73014444044,51539607564,IMPORTS
73014444045,51539607565,IMPORTS
73014444046,51539607566,IMPORTS
73014444047,51539607567,IMPORTS
73014444048,51539607568,IMPORTS
73014444049,51539607569,IMPORTS
73014444050,51539607570,IMPORTS
73014444051,51539607571,IMPORTS
73014444052,51539607572,IMPORTS
73014444053,51539607573,IMPORTS
73014444054,51539607574,IMPORTS
73014444055,51539607575,IMPORTS
73014444056,51539607576,IMPORTS
73014444057,51539607577,IMPORTS
73014444058,51539607578,IMPORTS
73014444059,51539607579,IMPORTS
73014444060,51539607580,IMPORTS
73014444061,51539607581,IMPORTS
73014444062,51539607582,IMPORTS
73014444063,51539607583,IMPORTS
73014444064,51539607584,IMPORTS
73014444065,51539607585,IMPORTS
73014444066,51539607586,IMPORTS
73014444067,51539607587,IMPORTS
73014444068,51539607588,IMPORTS
73014444069,51539607589,IMPORTS
73014444070,51539607590,IMPORTS
73014444071,51539607591,IMPORTS
73014444072,51539607592,IMPORTS
73014444073,51539607593,IMPORTS
73014444074,51539607594,IMPORTS
73014444075,51539607595,IMPORTS
73014444076,51539607596,IMPORTS
73014444077,51539607597,IMPORTS
73014444078,51539607598,IMPORTS
73014444079,51539607599,IMPORTS
73014444080,51539607600,IMPORTS
73014444081,51539607601,IMPORTS
73014444082,51539607602,IMPORTS
73014444083,51539607603,IMPORTS
73014444084,51539607604,IMPORTS
73014444085,51539607605,IMPORTS
73014444086,51539607606,IMPORTS
73014444087,51539607607,IMPORTS
73014444088,51539607608,IMPORTS
73014444089,51539607609,IMPORTS
73014444090,51539607610,IMPORTS
73014444091,51539607611,IMPORTS
73014444092,51539607612,IMPORTS
73014444093,51539607613,IMPORTS
73014444094,51539607614,IMPORTS
73014444095,51539607615,IMPORTS
73014444096,51539607616,IMPORTS
73014444097,51539607617,IMPORTS
73014444098,51539607618,IMPORTS
73014444099,51539607619,IMPORTS
73014444100,51539607620,IMPORTS
73014444101,51539607621,IMPORTS
73014444102,51539607622,IMPORTS
73014444103,51539607623,IMPORTS
73014444104,51539607624,IMPORTS
73014444105,51539607625,IMPORTS
73014444106,51539607626,IMPORTS
73014444107,51539607627,IMPORTS
73014444108,51539607628,IMPORTS
73014444109,51539607629,IMPORTS
73014444110,51539607630,IMPORTS
73014444111,51539607631,IMPORTS
73014444112,51539607632,IMPORTS
73014444113,51539607633,IMPORTS
73014444114,51539607634,IMPORTS
73014444115,51539607635,IMPORTS
73014444116,51539607636,IMPORTS
73014444117,51539607637,IMPORTS
73014444118,51539607638,IMPORTS
73014444119,51539607639,IMPORTS
73014444120,51539607640,IMPORTS
73014444121,51539607641,IMPORTS
73014444122,51539607642,IMPORTS
73014444123,51539607643,IMPORTS
73014444124,51539607644,IMPORTS
73014444125,51539607645,IMPORTS
73014444126,51539607646,IMPORTS
73014444127,51539607647,IMPORTS
73014444128,51539607648,IMPORTS
73014444129,51539607649,IMPORTS
73014444130,51539607650,IMPORTS
73014444131,51539607651,IMPORTS
73014444132,51539607652,IMPORTS
73014444133,51539607653,IMPORTS
73014444134,51539607654,IMPORTS
73014444135,51539607655,IMPORTS
73014444136,51539607656,IMPORTS
73014444137,51539607657,IMPORTS
73014444138,51539607658,IMPORTS
73014444139,51539607659,IMPORTS
73014444140,51539607660,IMPORTS
73014444141,51539607661,IMPORTS
73014444142,51539607662,IMPORTS
73014444143,51539607663,IMPORTS
73014444144,51539607664,IMPORTS
73014444145,51539607665,IMPORTS
73014444146,51539607666,IMPORTS
73014444147,51539607667,IMPORTS
73014444148,51539607668,IMPORTS
73014444149,51539607669,IMPORTS
73014444150,51539607670,IMPORTS
73014444151,51539607671,IMPORTS
73014444152,51539607672,IMPORTS
73014444153,51539607673,IMPORTS
73014444154,51539607674,IMPORTS
73014444155,51539607675,IMPORTS
73014444156,51539607676,IMPORTS
73014444157,51539607677,IMPORTS
73014444158,51539607678,IMPORTS
73014444159,51539607679,IMPORTS
73014444160,51539607680,IMPORTS
73014444161,51539607681,IMPORTS
73014444162,51539607682,IMPORTS
73014444163,51539607683,IMPORTS
73014444164,51539607684,IMPORTS
73014444165,51539607685,IMPORTS
73014444166,51539607686,IMPORTS
73014444167,51539607687,IMPORTS
73014444168,51539607688,IMPORTS
73014444169,51539607689,IMPORTS
73014444170,51539607690,IMPORTS
73014444171,51539607691,IMPORTS
73014444172,51539607692,IMPORTS
73014444173,51539607693,IMPORTS
73014444174,51539607694,IMPORTS
73014444175,51539607695,IMPORTS
73014444176,51539607696,IMPORTS
73014444177,51539607697,IMPORTS
73014444178,51539607698,IMPORTS
73014444179,51539607699,IMPORTS
73014444180,51539607700,IMPORTS
73014444181,51539607701,IMPORTS
73014444182,51539607702,IMPORTS
73014444183,51539607703,IMPORTS
73014444184,51539607704,IMPORTS
73014444185,51539607705,IMPORTS
73014444186,51539607706,IMPORTS
73014444187,51539607707,IMPORTS
73014444188,51539607708,IMPORTS
73014444189,51539607709,IMPORTS
73014444190,51539607710,IMPORTS
73014444191,51539607711,IMPORTS
73014444192,51539607712,IMPORTS
73014444193,51539607713,IMPORTS
73014444194,51539607714,IMPORTS
73014444195,51539607715,IMPORTS
73014444196,51539607716,IMPORTS
73014444197,51539607717,IMPORTS
73014444198,51539607718,IMPORTS
73014444199,51539607719,IMPORTS
73014444200,51539607720,IMPORTS
73014444201,51539607721,IMPORTS
73014444202,51539607722,IMPORTS
73014444203,51539607723,IMPORTS
73014444204,51539607724,IMPORTS
73014444205,51539607725,IMPORTS
73014444206,51539607726,IMPORTS
73014444207,51539607727,IMPORTS
73014444208,51539607728,IMPORTS
73014444209,51539607729,IMPORTS
73014444210,51539607730,IMPORTS
73014444211,51539607731,IMPORTS
73014444212,51539607732,IMPORTS
73014444213,51539607733,IMPORTS
73014444214,51539607734,IMPORTS
73014444215,51539607735,IMPORTS
73014444216,51539607736,IMPORTS
73014444217,51539607737,IMPORTS
73014444218,51539607738,IMPORTS
73014444219,51539607739,IMPORTS
73014444220,51539607740,IMPORTS
73014444221,51539607741,IMPORTS
73014444222,51539607742,IMPORTS
73014444223,51539607743,IMPORTS
73014444224,51539607744,IMPORTS
73014444225,51539607745,IMPORTS
73014444226,51539607746,IMPORTS
73014444227,51539607747,IMPORTS
73014444228,51539607748,IMPORTS
73014444229,51539607749,IMPORTS
73014444230,51539607750,IMPORTS
73014444231,51539607751,IMPORTS
73014444232,51539607752,IMPORTS
73014444233,51539607753,IMPORTS
73014444234,51539607754,IMPORTS
73014444235,51539607755,IMPORTS
73014444236,51539607756,IMPORTS
73014444237,51539607757,IMPORTS
73014444238,51539607758,IMPORTS
73014444239,51539607759,IMPORTS
73014444240,51539607760,IMPORTS
73014444241,51539607761,IMPORTS
73014444242,51539607762,IMPORTS
73014444243,51539607763,IMPORTS
73014444244,51539607764,IMPORTS
73014444245,51539607765,IMPORTS
73014444246,51539607766,IMPORTS
73014444247,51539607767,IMPORTS
73014444248,51539607768,IMPORTS
73014444249,51539607769,IMPORTS
73014444250,51539607770,IMPORTS
73014444251,51539607771,IMPORTS
73014444252,51539607772,IMPORTS
73014444253,51539607773,IMPORTS
73014444254,51539607774,IMPORTS
73014444255,51539607775,IMPORTS
73014444256,51539607776,IMPORTS
73014444257,51539607777,IMPORTS
73014444258,51539607778,IMPORTS
73014444259,51539607779,IMPORTS
73014444260,51539607780,IMPORTS
73014444261,51539607781,IMPORTS
73014444262,51539607782,IMPORTS
73014444263,51539607783,IMPORTS
73014444264,51539607784,IMPORTS
73014444265,51539607785,IMPORTS
73014444266,51539607786,IMPORTS
73014444267,51539607787,IMPORTS
73014444268,51539607788,IMPORTS
73014444269,51539607789,IMPORTS
73014444270,51539607790,IMPORTS
73014444271,51539607791,IMPORTS
73014444272,51539607792,IMPORTS
73014444273,51539607793,IMPORTS
73014444274,51539607794,IMPORTS
73014444275,51539607795,IMPORTS
73014444276,51539607796,IMPORTS
73014444277,51539607797,IMPORTS
73014444278,51539607798,IMPORTS
73014444279,51539607799,IMPORTS
73014444280,51539607800,IMPORTS
73014444281,51539607801,IMPORTS
73014444282,51539607802,IMPORTS
73014444283,51539607803,IMPORTS
73014444284,51539607804,IMPORTS
73014444285,51539607805,IMPORTS
73014444286,51539607806,IMPORTS
73014444287,51539607807,IMPORTS
73014444288,51539607808,IMPORTS
73014444289,51539607809,IMPORTS
73014444290,51539607810,IMPORTS
73014444291,51539607811,IMPORTS
73014444292,51539607812,IMPORTS
73014444293,51539607813,IMPORTS
73014444294,51539607814,IMPORTS
73014444295,51539607815,IMPORTS
73014444296,51539607816,IMPORTS
73014444297,51539607817,IMPORTS
73014444298,51539607818,IMPORTS
73014444299,51539607819,IMPORTS
73014444300,51539607820,IMPORTS
73014444301,51539607821,IMPORTS
73014444302,51539607822,IMPORTS
73014444303,51539607823,IMPORTS
73014444304,51539607824,IMPORTS
73014444305,51539607825,IMPORTS
73014444306,51539607826,IMPORTS
73014444307,51539607827,IMPORTS
73014444308,51539607828,IMPORTS
73014444309,51539607829,IMPORTS
73014444310,51539607830,IMPORTS
73014444311,51539607831,IMPORTS
73014444312,51539607832,IMPORTS
73014444313,51539607833,IMPORTS
73014444314,51539607834,IMPORTS
73014444315,51539607835,IMPORTS
73014444316,51539607836,IMPORTS
73014444317,51539607837,IMPORTS
73014444318,51539607838,IMPORTS
73014444319,51539607839,IMPORTS
73014444320,51539607840,IMPORTS
73014444321,51539607841,IMPORTS
73014444322,51539607842,IMPORTS
73014444323,51539607843,IMPORTS
73014444324,51539607844,IMPORTS
73014444325,51539607845,IMPORTS
73014444326,51539607846,IMPORTS
73014444327,51539607847,IMPORTS
73014444328,51539607848,IMPORTS
73014444329,51539607849,IMPORTS
73014444330,51539607850,IMPORTS
73014444331,51539607851,IMPORTS
73014444332,51539607852,IMPORTS
73014444333,51539607853,IMPORTS
73014444334,51539607854,IMPORTS
73014444335,51539607855,IMPORTS
73014444336,51539607856,IMPORTS
73014444337,51539607857,IMPORTS
73014444338,51539607858,IMPORTS
73014444339,51539607859,IMPORTS
73014444340,51539607860,IMPORTS
73014444341,51539607861,IMPORTS
73014444342,51539607862,IMPORTS
73014444343,51539607863,IMPORTS
73014444344,51539607864,IMPORTS
73014444345,51539607865,IMPORTS
73014444346,51539607866,IMPORTS
73014444347,51539607867,IMPORTS
73014444348,51539607868,IMPORTS
73014444349,51539607869,IMPORTS
73014444350,51539607870,IMPORTS
73014444351,51539607871,IMPORTS
73014444352,51539607872,IMPORTS
73014444353,51539607873,IMPORTS
73014444354,51539607874,IMPORTS
73014444355,51539607875,IMPORTS
73014444356,51539607876,IMPORTS
73014444357,51539607877,IMPORTS
73014444358,51539607878,IMPORTS
73014444359,51539607879,IMPORTS
73014444360,51539607880,IMPORTS
73014444361,51539607881,IMPORTS
73014444362,51539607882,IMPORTS
73014444363,51539607883,IMPORTS
73014444364,51539607884,IMPORTS
73014444365,51539607885,IMPORTS
73014444366,51539607886,IMPORTS
73014444367,51539607887,IMPORTS
73014444368,51539607888,IMPORTS
73014444369,51539607889,IMPORTS
73014444370,51539607890,IMPORTS
73014444371,51539607891,IMPORTS
73014444372,51539607892,IMPORTS
73014444373,51539607893,IMPORTS
73014444374,51539607894,IMPORTS
73014444375,51539607895,IMPORTS
73014444376,51539607896,IMPORTS
73014444377,51539607897,IMPORTS
73014444378,51539607898,IMPORTS
73014444379,51539607899,IMPORTS
73014444380,51539607900,IMPORTS
73014444381,51539607901,IMPORTS
73014444382,51539607902,IMPORTS
73014444383,51539607903,IMPORTS
73014444384,51539607904,IMPORTS
73014444385,51539607905,IMPORTS
73014444386,51539607906,IMPORTS
73014444387,51539607907,IMPORTS
73014444388,51539607908,IMPORTS
73014444389,51539607909,IMPORTS
73014444390,51539607910,IMPORTS
73014444391,51539607911,IMPORTS
73014444392,51539607912,IMPORTS
73014444393,51539607913,IMPORTS
73014444394,51539607914,IMPORTS
73014444395,51539607915,IMPORTS
73014444396,51539607916,IMPORTS
73014444397,51539607917,IMPORTS
73014444398,51539607918,IMPORTS
73014444399,51539607919,IMPORTS
73014444400,51539607920,IMPORTS
73014444401,51539607921,IMPORTS
73014444402,51539607922,IMPORTS
73014444403,51539607923,IMPORTS
73014444404,51539607924,IMPORTS
73014444405,51539607925,IMPORTS
73014444406,51539607926,IMPORTS
73014444407,51539607927,IMPORTS
73014444408,51539607928,IMPORTS
73014444409,51539607929,IMPORTS
73014444410,51539607930,IMPORTS
73014444411,51539607931,IMPORTS
73014444412,51539607932,IMPORTS
73014444413,51539607933,IMPORTS
73014444414,51539607934,IMPORTS
73014444415,51539607935,IMPORTS
73014444416,51539607936,IMPORTS
73014444417,51539607937,IMPORTS
73014444418,51539607938,IMPORTS
73014444419,51539607939,IMPORTS
73014444420,51539607940,IMPORTS
73014444421,51539607941,IMPORTS
73014444422,51539607942,IMPORTS
73014444423,51539607943,IMPORTS
73014444424,51539607944,IMPORTS
73014444425,51539607945,IMPORTS
73014444426,51539607946,IMPORTS
73014444427,51539607947,IMPORTS
73014444428,51539607948,IMPORTS
73014444429,51539607949,IMPORTS
73014444430,51539607950,IMPORTS
73014444431,51539607951,IMPORTS
73014444432,51539607952,IMPORTS
73014444433,51539607953,IMPORTS
73014444434,51539607954,IMPORTS
73014444435,51539607955,IMPORTS
73014444436,51539607956,IMPORTS
73014444437,51539607957,IMPORTS
73014444438,51539607958,IMPORTS
73014444439,51539607959,IMPORTS
73014444440,51539607960,IMPORTS
73014444441,51539607961,IMPORTS
73014444442,51539607962,IMPORTS
73014444443,51539607963,IMPORTS
73014444444,51539607964,IMPORTS
73014444445,51539607965,IMPORTS
73014444446,51539607966,IMPORTS
